Rank,Company,Website,Country,Industry,Estimated Revenue,Revenue Confidence,Employee Count,Funding,Funding Confidence,Why Included,Founders,LinkedIn Company Page,Founder LinkedIn,Contact Email,Contact Confidence,Ecommerce Platform,Recent Growth Signals,Sources
1,Frasé Skin,fraseskin.com.au,Australia,Beauty / men's skincare,~A$3.5M FY26,High,~10–20 (est.),"A$1.2M equity CSF (OnMarket), Jul 2026, $16.5M pre-money",High,Both tests: revenue in band and sub-$10M raise in last 18mo,"Beau London, Zac London",linkedin.com/company/frase-skin,linkedin.com/in/beau-london-805542253 ; linkedin.com/in/zac-london,—,—,—,US launch via Amazon Prime Jul 2026; Times Square billboard; national supermarket deal in final stages; 128% YoY growth; 40k+ customers,SmartCompany 14 Jul 2026; OnMarket offer page; Business News Australia 3 Jul 2026
2,Earthletica,earthletica.com,Australia,Apparel / sustainable activewear,~A$200k (early),High,4,"A$1.13M equity CSF (Birchal), Apr 2026, 429 investors",High,Qualifying sub-$10M raise Apr 2026; pre-scale revenue,"Bronte Campbell, Chris Raleigh, Libby Babet",linkedin.com/company/earthletica-activewear,linkedin.com/in/brontecampbell ; linkedin.com/in/christopherraleigh ; linkedin.com/in/libbybabet,hello@earthletica.com,Med,—,B Corp certified Mar 2026; founder retired from pro swimming Jun 2026 to run brand full-time; 50% repeat purchase rate; menswear line in development; targeting A$6M run-rate,SmartCompany 15 Apr 2026; Birchal; Daily Mail 17 Jul 2026
3,bobby,drinkbobby.com.au,Australia,Food & beverage / better-for-you soda,~A$3M YTD FY26 (A$8.2M lifetime),High,~10–25 (est.),"A$546k equity CSF (OnMarket), completed Apr 2026",High,Revenue in band; qualifying raise Apr 2026,Kristian Johannsen,—,—,—,—,—,"3,000+ stockists incl. Coles, Woolworths Metro, Harris Farm; 4→13 flavours; CAGR >220% since FY22; hiring BD + Head of Marketing with raise proceeds",Food & Drink Business Apr 2026; Drinks Digest 18 Mar 2026; Drinks Trade
4,Barry,drinkbarry.com.au,Australia,Food & beverage / RTD seltzer,A$3.68M FY25,High,~10–25 (est.),"~A$2.5M equity CSF (OnMarket), Jun 2026",High,Revenue in band; qualifying raise Jun 2026,"Bailey Smith, Nick Daicos, Josh Daicos, Charlie Curnow",—,—,—,—,—,"995+ Liquorland stores, Dan Murphy's & BWS rollout pending; 350+ on-premise venues; 2.5M cans sold in yr 2; ex-CUB CEO chairman, ex-Frank Body COO as CEO",Inside FMCG 26 May 2026; Drinks Digest 26 May 2026; Business News Australia 20 Jul 2026
5,HOPR,drinkhopr.com.au,Australia,Food & beverage / non-alc functional,Not disclosed (10x growth over 2 yrs),Low,~10–20 (est.),"A$3M+ Seed, Nov 2025",High,Qualifying sub-$10M seed within 18mo,Jose Ramirez,—,—,—,—,—,Largest AU beverage round of 2025; national grocery + bottle-shop distribution; 6th warehouse move in 2 yrs (3x capacity); hiring production + sales,Startup Daily 21 Nov 2025; Business News Australia 17 Nov 2025
6,Quincey Jones Preserves,quinceyjones.com.au,Australia,Food & beverage / premium pantry,A$646k (10mo FY26); A$552k FY25,High,1–10,"A$259.5k pre-Series A (Birchal), Jul 2026, 179 investors",High,Qualifying raise Jul 2026; revenue below band but scaling fast,Timothy Harley,—,—,—,—,—,"46 medals in 2 yrs (Sydney Royal / Melbourne Royal); 120 → national stockist push; 25k customers, 31% repeat rate; 79% gross margin; export entry planned",SmartCompany 16 Jul 2026; Birchal
7,Vitadrop,vitadrop.com.au,Australia,Supplements / hydration,A$3.5M+ cumulative; >A$1M ARR,Med,~10–20 (est.),>A$1M raised to date (VC + angels); active raise 2026,Med,Revenue in band; capital-light and profitable,—,—,—,—,—,—,"1,200+ distribution points incl. Priceline, Kmart Group; Mannings Hong Kong foothold; >40% of D2C revenue recurring; APAC rollout planned 2026",Swarmer investment listing
8,Bae Juice,baejuice.com,Australia,Food & beverage / functional,~A$5M forecast FY26 (A$2.5M prior),High,~5–20 (est.),Bootstrapped — no external round,High,"Revenue in band, doubling YoY",Liam Gostencnik (co-founder),—,—,—,—,—,New national deals with Costco and Coles + 700 new doors; Dec 2026 month alone A$496k / 220k units (+230% YoY); NZ and China expansion,Retail World Magazine 2 Feb 2026
9,Hyro,hyro.com.au,Australia,Supplements / electrolytes,Not disclosed,Low,~5–15 (est.),A$1M round closed; second ~A$1M round underway (2025–26),Med,Qualifying sub-$10M rounds; early-stage D2C subscription model,Steve Chapman + co-founders,—,—,—,—,—,"Equity held by creator-investors (Sarah's Day, Quade Cooper, Daly Cherry-Evans, Dan Churchill); US expansion is the use of funds; investors incl. ex-Zico and Remedy Kombucha operators",Forbes Australia 31 Jul 2025
10,Straand,straand.com,Australia,Beauty / scalp care,Not disclosed,Low,~10–30 (est.),A$2M pre-seed from Unilever Ventures,High,Institutional round under $10M; strategic corporate backer,—,—,—,—,—,—,Landed in 500 Priceline stores; Unilever Ventures on cap table is an unusually strong signal at pre-seed,Forbes Australia; Inside Retail
11,Skimpies,—,Australia,Apparel / feminine care,Not disclosed,Low,1–10,A$1M seed,Med,Qualifying sub-$10M seed round,—,—,—,—,—,—,Seed round closed and covered by SmartCompany; early commercial stage,SmartCompany
12,Calmerceuticals,calmerceuticals.com,Australia,Supplements / ingestible beauty,"Not disclosed — ""top 1% of Shopify stores globally""",Low,~10–30 (est.),Bootstrapped / not disclosed,Low,Strong revenue-proxy signals; heavy D2C subscription mix,Rose Rayner,—,—,—,—,Shopify (High),Sells one unit/minute; 91–92% subscriber retention; sold out 8x; NRL figure Braith Anasta as product-development partner; wholesale + Amazon + US expansion underway; Gold Coast lab,Retail Beauty 8 Jul 2026; Men's/Women's Health 16 Jun 2026
13,Pawlab (formerly Petlab),pawlab.com.au,Australia,Pet products,~A$9.5M annualised,High,~10–40 (est.),"Fully self-funded, no external capital",High,"Revenue at top of band; profitable, positive EBITDA","Selwyn Lazar, Tyron Lazar-Tromp",—,—,—,—,—,"Scaling toward A$30M target; expanding from cleaning into grooming, supplements, preventative care; started on a $10k credit card → A$663k yr 1",Inside FMCG 19 May 2026; The Carousel 23 Jun 2026
14,Fearless Swimwear,—,Australia,Apparel / swimwear,Seven figures within 5 months of launch,High,1–10,Bootstrapped,Med,Revenue in band; <12 months old with proven demand,Lyndi Cohen (The Nude Nutritionist) + partner,—,—,—,—,—,"15,000-strong pre-launch waitlist; A$200k sold in 24 hrs on pre-order day (in winter); 83% of stock sold out; forced pivot to 3PL warehousing",news.com.au 30 Mar 2026
15,GUD Swim,gudswim.com.au,Australia,Apparel / swimwear,>A$1M cumulative (<3 yrs),High,1–10,Bootstrapped,Med,Revenue in band; international expansion phase,"Jazmin Green, Harriet Tomlinson",—,—,—,—,—,"US market entry Jun 2026; separate AU/US/UK storefronts; i=Change partnership Apr 2026; recycled Italian fabrics, plastic-free packaging",Markets Insider 5 Jun 2026; Digital Market Reports 15 Apr 2026
16,Aur Oceà,—,Australia,Apparel / swim & resort,>A$2M turnover within 18 months,High,1–10,—,—,Revenue in band; exceptional unit economics,—,—,—,—,—,—,"AFIA 2026 Emerging Brand Award finalist; AOV ~A$519, ~30% returning-customer rate; David Jones + THE ICONIC + 60 international boutiques; US is primary growth market",Ragtrader 27 Jul 2026
17,Parq,—,Australia,Apparel / women's golf,Not disclosed,Low,1–10,—,—,Award-validated traction; D2C-led,—,—,—,—,—,—,AFIA 2026 Emerging Brand finalist; AOV A$252 (+20%); returning-customer rate +134% to 16.1%; 879% increase in Instagram-driven revenue with no paid media; founded 2025,Ragtrader 27 Jul 2026
18,Maku,—,Australia,Apparel,Substantial early revenue (undisclosed),Low,1–10,—,—,Award-validated traction; demand exceeding supply,—,—,—,—,—,—,"AFIA 2026 Emerging Brand finalist; David Jones, The Iconic, Superette + 150 ANZ boutiques; US via BNTO/FashionPass, Free People imminent; moved print-on-demand → bulk + robotic 3PL",Ragtrader 27 Jul 2026
19,Anthem Workwear,—,Australia,Apparel / workwear,Not disclosed,Low,1–10,—,—,D2C channel doubling YoY off a wholesale base,—,—,—,—,—,—,"AFIA 2026 Emerging Brand finalist; 30 → 180+ stockists incl. Totally Workwear, Hip Pocket; targeting 300+ doors in 2 yrs; UK/EU/NZ/US expansion prep; loyalty program late 2026",Ragtrader 27 Jul 2026
20,Being Wear,—,Australia,Apparel / inclusive underwear,Not disclosed,Low,1–10,Actively raising seed,Med,"Pre-seed/seed stage, actively fundraising — timing-sensitive prospect",—,—,—,—,—,—,AFIA 2026 Emerging Brand finalist; gender-free sizing model; return rate well below industry norm; UK identified as next market,Ragtrader 27 Jul 2026
21,Hyde & Stone,—,Australia,Apparel / womenswear,Not disclosed,Low,1–10,—,—,Award and editorial validation at emerging scale,—,—,—,—,—,—,"AFIA 2026 Emerging Brand finalist; People's Choice at David Jones National Designer Award; Vogue/ELLE/RUSSH/Grazia coverage; hotel uniform collabs (The Calile, Raes); EU/US wholesale planned",Ragtrader 27 Jul 2026
22,Van Brussel,—,Australia,Apparel / un-gendered premium,Not disclosed,Low,1–10,—,—,Award-validated; early-stage scaling,—,—,—,—,—,—,AFIA 2026 Emerging Brand finalist; National Designer Award for Sustainability 2025; selected for Australian Fashion Week 2026 DHL Next Generation; pop-ups planned Sydney/London/Tokyo,Ragtrader 27 Jul 2026
23,Curatif,curatif.com.au,Australia,Food & beverage / RTD cocktails,Not disclosed,Low,~10–30 (est.),"A$1.4M equity CSF (OnMarket), Jul 2026, 613 investors; ~A$5.5M raised to date",High,Qualifying raise Jul 2026,—,—,—,—,—,—,"UK launch imminent with fulfilment partner in place; World's Best RTD Producer at IWSC four years running; collabs with Four Pillars, Archie Rose; in-house Port Melbourne production",Food & Drink Business 22 Jul 2026
24,Normal,normal.co,Australia,Sexual wellness,~A$6M cumulative since 2021,High,~10–25 (est.),"Up to A$1M equity CSF (Birchal), Dec 2025",Med,Revenue in band; qualifying raise; first external capital after 5 yrs bootstrapped,"Georgia Grace, Lucy Wark",—,—,—,—,—,"Sales +200% over two years; 40,000+ customers; use of funds is B2B partnerships and recurring-purchase consumables",Startup Daily 18 Nov 2025
25,Loco Love,locolove.com,Australia,Food & beverage / premium chocolate,A$12.8M FY25 (A$8.8M FY24),High,16 FTE + ~60 casual,"Minority stake sold to Light Warrior (Radek Sali), 2025",High,"Above the revenue band, but a recent institutional event and acute scaling need make it a live prospect — flagged as an exception",Emica Penklis,linkedin.com/company/loco-love-chocolate,—,hello@locolove.com,High,—,"AFR Fast 100 finalist, 32.97% CAGR; 120,000 bars/week and supply 23% short of demand; new manufacturing facility + automation in progress; 1,000+ stockists; first Melbourne pop-up Jun 2026; hiring",Forbes Australia 10 Jan 2026; AFR 16 Nov 2025; Inside FMCG
26,Joonya,au.joonya.com,Australia,Baby & parenting,~A$1–3M (est.; AFR Fast 100 #39),Med,1–10,Never raised,High,Revenue in band; AFR-verified growth,"Leanne Sexton, Richard Sexton",linkedin.com/company/joonya,—,support@joonya.com,High,—,Ranked #39 on AFR Fast 100 2025 (revenue independently verified for entry); extended Danish-made nappy range to 8 sizes; US + AU markets; Amazon Climate Pledge Friendly,AFR Fast 100 2025; Joonya LinkedIn 20 Nov 2025
27,Skin Control,skincontrol.com,Australia,Beauty / acne care,Not disclosed,Low,~10–30 (est.),Not disclosed,Low,Mass-market traction in a fast-growing category,Michael Porter (co-founder),—,—,—,—,—,"50+ product range built out from pimple patches; ""cleared 56.5M pimples in 2024""; influencer-led cult following; moving into mass retail",Inside FMCG; company site
28,Boring Without You,—,Australia,Beauty / skincare,Not disclosed,Low,1–10,—,—,AFR Fast Starters coverage; very high organic reach on a 3-SKU range,Davey Rooney,—,—,—,—,—,"400,000+ social followers on three products; profiled by AFR Fast Starters and Inside Retail",AFR Fast Starters; Inside Retail
29,Qure Skincare,qureskincare.com,Australia,Beauty / beauty tech (LED),Not disclosed,Low,~10–30 (est.),Not disclosed,Low,AFR Fast Starters listee; 460% revenue growth FY23→FY24,"Kristina Orlic, Matt Orlic",—,—,—,—,—,AFR Fast Starters List 2024; Q-Rejuvalight Pro LED mask is the hero SKU driving growth,Retail Beauty 27 Nov 2024
30,Cullen Jewellery,cullenjewellery.com,Australia,Jewellery & accessories,Not disclosed,Low,~30–80 (est.),Not disclosed,Low,300% revenue growth reported,—,—,—,—,—,—,300% revenue growth profiled by SmartCompany; lab-grown diamond category tailwind,SmartCompany
31,WOSUP,wosup.com.au,Australia,Sustainable products / reusables,Not disclosed,Low,1–10,">A$200k equity CSF (Birchal), 2026",High,Qualifying raise in last 18mo,—,—,—,—,—,—,First Australian stadium to switch to reusable cups for every pour (ENGIE Stadium); scaling reuse infrastructure to more venues,Business Class 27 Feb 2026
32,Bettercup,bettercup.com.au,Australia,Sustainable products / reusables,Not disclosed,Low,6,A$446k Sustainability Victoria grant (2023); no external equity yet — actively considering a raise,High,"Pre-raise, named intent to raise — high-timing prospect","Christie Kamphuis, Samantha Stone",—,—,—,—,—,"Selected for AO Startups 2026; washed 60,000+ items at the Australian Open, expected to pass 100,000; works with WOMADelaide, Sydney Opera House, Melbourne Fashion Week",SmartCompany 27 Jan 2026; PKN 28 Jan 2026
33,Bound (Looplock),—,Australia,Kitchen & home / outdoor,Not disclosed,Low,2,Fully bootstrapped from personal savings,High,Early-revenue hardware brand with international pull,—,—,—,—,—,—,Won 2026 Red Dot Award for Product Design; sold in AU + Amazon US; EU launch later in 2026; patent pending and design registrations in major markets; German distributor conversations opened by the award,Forbes Australia 24 Jul 2026; Startup Researcher 17 Jul 2026
34,ZERO (by My Childe),thezerostore.com,Australia,Sustainable / kitchen,Not disclosed,Low,1–10,Backed by a group of Australian investors (amount undisclosed),Low,"Early-stage, investor-backed, expanding range and footprint",Georgina & Damien (founders),—,—,—,—,—,Expanding range into plastic-free cling wrap; growing national retail footprint,Company site
35,Bunji / Cooee Native Superfoods,—,Australia,Pet products / food,Not disclosed,Low,~5–20 (est.),Not disclosed,Low,Rapid distribution expansion in a growth category,"Terri-Ann ""Tezzi"" Daniel",—,—,—,—,—,"Into 70 Ritchies IGA stores, lifting distribution past 200 independent supermarkets; also in 163 Bunnings; acquired Creative Native Foods Dec 2025; Indigenous-owned",SmartCompany 7 May 2026; Channel Life 13 May 2026
36,DAYA Pet Food Co.,dayapetfood.com,Australia,Pet products,Not disclosed,Low,1–10,Not disclosed,Low,Newly launched premium range in a high-growth category,Honor Tremain,—,—,—,—,—,Launched freeze-dried raw supplemental kibble + treats 2026; named Best Health-Conscious Dog Food Brand 2025 – Australia; Tap4Change charity partnership,Brainz Magazine 3 Apr 2026
37,Kulani Kinis,kulanikinis.com,Australia,Apparel / swimwear,Reported ~A$20M projection,Low,51–200,Bootstrapped,Med,Likely above the band — include only if you treat AU swimwear as a strategic vertical; strong D2C operator,"Dani Atkins, Alex Babich",—,—,—,—,Shopify (Med),"1.2M Instagram followers; Sun Chasers ambassador program (22,000 members) generated A$425k in its first six months; first athlete signing Jan 2026; RE-KINI recycled line",MySwimLook 6 Apr 2026; Accio company profile
38,All For Mimi,allformimi.com,Australia,Apparel,Not disclosed,Low,1–10,Bootstrapped,Low,Viral-growth emerging brand; pre-institutional,Sophia (co-founder),—,—,—,—,—,Business of the Year at the 2025 TikTok Awards; 138k+ followers; repeated sell-outs and supply catch-up; UK/US expansion stated goal,7NEWS 5 May 2026
39,Seed & Sprout,seedsprout.com.au,Australia,Home & living / sustainable,Tracking ~A$30M,High,~30–80 (est.),Not disclosed,Low,Above the band — listed for completeness as an AU category leader; deprioritise unless you sell upmarket,Sophie Kovic (founder); Rebecca Williams (CEO),—,—,—,—,—,450+ products across 50 markets; triple-digit domestic D2C growth two years running; wholesale more than tripled FYTD; international D2C +55–60% YoY,Inside Retail 22 Jun 2026
40,"York St Brands (tbh Skincare, BOOST LAB, Bouf)",—,Australia,Beauty / multi-brand house,Not disclosed,Low,~20–60 (est.),Not disclosed,Low,Likely above the band — #6 on AFR Fast 100 with 157.65% CAGR; house-of-brands model,Schweighoffer (CEO),—,—,—,—,—,"AFR Fast 100 2025 #6; Pemba Growth Champion Award for Manufacturing & Consumer Goods; launching BOOST LAB and The Breakout Hack into Boots UK; also Priceline, Woolworths, Coles",AFR Fast 100 2025; Pemba Capital
41,Farmthru,farmthru.com.au,Australia,Food & beverage / grocery,Monthly revenue more than doubled in 5 months,Med,1–10,"A$810,966 equity CSF (Birchal), Jun 2026, 478 investors",High,Qualifying raise Jun 2026,"Rachel Ward, Mathieu Jamet, Sean Miller",—,—,—,—,—,Average basket A$186; 75%+ of orders collected via drive-thru hub; expanding hub model to more neighbourhoods,Birchal 18 Jun 2026
42,Fremantle Seaweed,—,Australia,Sustainable / food,Not disclosed,Low,~5–20 (est.),"A$2.18M equity CSF, FY26",High,Qualifying raise within 18mo,—,—,—,—,—,—,One of the larger FY26 Australian CSF raises; sustainability category momentum,Business News Australia 20 Jul 2026; OnMarket
43,PhycoLife,—,Australia,Supplements / wellness,Not disclosed,Low,1–10,A$1.85M equity CSF (OnMarket),High,Qualifying sub-$10M raise,—,—,—,—,—,—,Completed CSF raise; OnMarket published case study,OnMarket case study
44,TWØBAYS Brewing Co.,twobaysbrewing.com.au,Australia,Food & beverage / gluten-free beer,Not disclosed,Low,~10–25 (est.),"~A$2.65M equity CSF, FY26",High,Qualifying raise within 18mo,—,—,—,—,—,—,Among the largest FY26 AU crowdfunding raises; highly engaged customer-investor base,Business News Australia 20 Jul 2026
45,Michu Pet Supplies,michu.com.au,Australia,Pet products,Not disclosed,Low,~5–20 (est.),Not disclosed,Low,International design validation in a growth category,—,—,—,—,—,—,2026 Red Dot Award winner (cat litter box) — one of 15 Australian products honoured,Startup Researcher 17 Jul 2026
46,TernX,—,Australia,Baby & parenting,Not disclosed,Low,1–10,Not disclosed,Low,International design validation; early-stage hardware brand,—,—,—,—,—,—,2026 Red Dot Award winner for a compact travel stroller,Startup Researcher 17 Jul 2026
47,Healthy Skin Lab,healthyskinlab.com,New Zealand,Beauty / skincare & SPF,NZ$980k FY26; >NZ$2M cumulative over 2 yrs,High,1–10,"Actively seeking NZ$4M at ~NZ$8.4M valuation, Jun–Jul 2026",High,Revenue in band and mid-raise — the single most timing-sensitive NZ prospect on this list,Prof. Sharad Paul,—,—,—,—,—,First NZ sunscreen registered with the US FDA as an OTC drug product; viral US reviewer coverage; second mineral SPF in FDA process; hiring a CEO and ops team with the raise; UK/EU early sales,Idealog 2 Jul 2026; ecommercenews.co.nz 1 Jul 2026; NZ Doctor 29 Jun 2026
48,Elm Lab,elmlab.co.nz,New Zealand,Beauty / baby skincare,Not disclosed (9 months trading),Low,1–10,None yet — founders state they are open to investment,High,Pre-raise with stated openness; very strong early momentum,"Sarah Kirkland, William Kirkland",—,—,—,—,—,"Highly Commended, Fieldays Innovation Awards 2026 (Early Stage); 2026 UK Beauty Shortlist mama & baby award; Viva Beauty Awards breakthrough-brand finalist; launching into Australia and Auckland Duty Free; A2 colostrum at ~72% of formulation",NZ Herald 12 Jul 2026; ODT 25 Jun 2026
49,BEETL Skincare,beetl.co.nz,New Zealand,Beauty / baby & sensitive skin,Not disclosed,Low,1–10,Opened to outside investment Jan 2026,High,Actively raising; ANZ retail expansion underway,Kirsty Coates,—,linkedin.com/in/kirsty-c-b5173921,—,—,—,"5 → 350+ stockists across AU/NZ; into Farmers NZ, Baby Bunting AU, The Memo AU and Priceline Australia; expanded from baby into adult products (The Everything Oil / Wash)",Kirsty Coates LinkedIn 18 Jan 2026; The Carousel 22 Apr 2026
50,"MOXX Brands (re.stor, everblue, Maison&Muse, Atomic, Kinzie Kids, DoseTheory)",moxxbrands.com,New Zealand,Home & living / beauty house,Not disclosed — 512% 3-yr growth,High,~20–60 (est.),Zero external funding,High,Likely above the band — included as the standout ANZ consumer operator; validate revenue before outreach,Grant & Renee (co-founders),—,—,—,—,—,"#3 on Deloitte Fast 50 NZ 2025 (512% growth) plus fastest-growing exporter and fastest-growing consumer-goods business; 7,000+ doors in six countries; Walmart, Target, Whole Foods, Costco; forecasting ~75% FY26 revenue growth",Deloitte Fast 50 2025; NZBusiness 21 May 2026
51,Evithé Biotechnology,—,New Zealand,Beauty / anti-ageing,Not disclosed,Low,1–10,"Raising NZ$3M, Jul 2026",High,"Mid-raise, sub-$10M",Cynthia Hunefeld,—,—,—,—,—,Raising to commercialise anti-ageing technology after a long R&D runway,BusinessDesk 1 Jul 2026
52,RAESO (formerly RAAIE),raeso.com,New Zealand,Beauty / skincare,Not disclosed,Low,1–10,Not disclosed,Low,Global retail placement at emerging scale,Katey Mandy,—,—,—,—,—,Rebranded from RAAIE Mar 2026 to enable international trademark expansion; stocked at Sephora and Liberty London; partnership with molecular biologist Dr Dan Yarosh; circadian-skincare positioning,FQ 4 Mar 2026; Pro Collective 4 Mar 2026
53,Almighty,drinkalmighty.co.nz,New Zealand,Food & beverage,Not disclosed,Low,~10–30 (est.),"NZ$1.6M+ raised via Snowball, Mar 2026",High,Qualifying raise Mar 2026,—,—,—,—,—,—,Positioned as NZ's #1 canned water brand; strong early demand in the Snowball offer,Snowball 30 Mar 2026
54,Reefton Distilling Co. (Little Biddy),reeftondistilling.com,New Zealand,Food & beverage / spirits,Not disclosed,Low,~10–30 (est.),"Raising up to NZ$2M, Jul 2026 (Snowball); NZ$1.4M raised previously",High,"Mid-raise, sub-$10M",—,—,—,—,—,—,Little Biddy described as the fastest-growing premium NZ spirits brand; raising to grow whisky inventory,Snowball 20 Jul 2026
55,Jeuneora,jeuneora.com,New Zealand,Beauty / skincare & supplements,Not disclosed,Low,~10–30 (est.),Raised via Snowball (prior round up to NZ$3M),Med,Established D2C operator; funding history predates the 18-month window,Nicola Kaminski (co-founder),—,—,—,—,—,B Corp certified; Toitū carbonreduce certified; multi-region storefronts across APAC and the Middle East; combined skincare + supplements range,FashioNZ; company site
56,No Ugly,nougly.nz,New Zealand,Food & beverage / functional,Not disclosed,Low,1–10,Not disclosed,Low,Near-universal NZ grocery distribution at small-brand scale,—,—,—,—,—,—,"Stocked in almost every NZ supermarket — Woolworths, Pak'nSave, New World, Farro Fresh, Z Energy, some Mobil sites; multi-SKU functional range",Company site
57,Moodi,moodiblends.com,New Zealand,Supplements / wellness,Not disclosed,Low,1–10,Not disclosed,Low,Founder-led D2C supplements brand with a stated large customer base,—,—,—,—,—,—,"States ""hundreds of thousands"" of women served; science-backed positioning; blended in NZ",Company site
58,Mānuka Performance,manukaperformance.com,New Zealand,Supplements / nutraceuticals,Not disclosed,Low,1–10,Not disclosed,Low,Early-stage; note this brand has a significant B2B ingredients arm alongside D2C,—,—,—,—,—,—,Holds a FernMark License (NZ Government endorsed quality mark); quantified/validated polyphenol positioning,Company site
59,Chia Sisters,chiasisters.co.nz,New Zealand,Food & beverage,Not disclosed,Low,~10–25 (est.),Not disclosed,Low,Established small-scale beverage brand with strong sustainability differentiation,"Chloe Van Dyke, Florence Van Dyke",—,—,—,—,—,NZ's first solar-powered juicery; B Corp in the top 5% worldwide for environmental performance; Zero Carbon and Living Wage certified,Company site
60,Nutrient Rescue,nutrientrescue.nz,New Zealand,Supplements / superfoods,Not disclosed,Low,1–10,Not disclosed,Low,Subscription-friendly D2C model in a growth category,—,—,—,—,—,—,"Single-SKU ""Double Shot"" model with a 30-day intro subscription offer; NZ-grown ingredient story",Company site
61,FAVE,favedrinks.com,US,Food & beverage / drink mixes,Not disclosed,Low,1–10,"US$1M Seed, Jul 2026, led by Supernatural Ventures",High,"Qualifying sub-$10M seed, this month",—,—,—,—,—,—,"Exclusive national launch into ~500 Sprouts Farmers Market stores; first certified-organic brand in the ~$1B drink-mix category; investors behind Poppi, Goodles, Bachan's",PR Newswire 15 Jul 2026; FoodNavigator 15 Jul 2026
62,4AM Skin,4am.com,US,Beauty / facial wipes,Not disclosed,Low,~5–20 (est.),"US$4M Seed, May 2026",High,Qualifying sub-$10M seed within 18mo,—,—,—,—,—,—,Target rollout announced alongside the round; TikTok-native demand,Beauty Independent 11 May 2026
63,Swishables,swishables.com,US,Oral care,Not disclosed,Low,1–10,"Near-seven-figure Seed, Dec 2025",High,Qualifying sub-$10M seed within 18mo,—,—,—,—,—,—,Expanding on-the-go oral care across retail and travel channels,Snackfax 24 Dec 2025
64,Other Half,—,US,Pet products / wellness,Not disclosed,Low,1–10,"US$3M, Jun 2025",High,Qualifying sub-$10M round; founder has a prior category exit,Founder of Zesty Paws,—,—,—,—,—,Founded by the Zesty Paws founder — repeat-founder signal in pet wellness,PR Newswire 17 Jun 2025
65,Lil Luv Dog,—,US,Pet products,Not disclosed,Low,1–10,Not disclosed,Low,Deliberately premium D2C/select-retail distribution strategy,—,—,—,—,—,—,Skipping Petco and PetSmart to sell via Goop and Violet Grey,DTC Dispatch 8 Jul 2026
66,Drizzle,—,US,Pet products / premium food,Not disclosed,Low,1–10,Not disclosed,Low,"Newly launched, VC-adjacent, ultra-premium positioning",—,—,—,—,—,—,Launched Apr 2026 targeting the high end of the pet food market; TechCrunch launch coverage,TechCrunch 27 Apr 2026
67,Biche,—,US,Pet products / fragrance,Not disclosed,Low,1–10,Not disclosed,Low,Novel category entrant with beauty-press validation,—,—,—,—,—,—,Positioned as a signature scent for dogs; Beauty Independent feature Apr 2026,Beauty Independent 9 Apr 2026
68,Rowan,rowan.com,US,Pet products / coat care,Not disclosed,Low,1–10,Not disclosed,Low,"""Clean beauty for dogs"" — crossover of two high-growth categories",—,linkedin.com/company/rowan-coat-care,—,—,—,—,Active brand presence; clean-beauty positioning applied to pet care,LinkedIn company profile
69,Aura Bora,aurabora.com,US,Food & beverage / sparkling water,Not disclosed,Low,~10–30 (est.),Venture-backed (rounds predate window),Med,Established emerging beverage brand; verify current stage before outreach,—,—,—,—,—,—,Herbal sparkling-water category creator with national grocery distribution,Startup Intros profile
70,De Soi,desoi.com,US,Food & beverage / non-alc,Not disclosed,Low,~10–30 (est.),Venture-backed (rounds predate window),Med,Established non-alc brand; verify current stage,"Katy Perry, Morgan McLachlan",—,—,—,—,—,Celebrity-founded non-alcoholic aperitif brand with retail distribution,Startup Intros profile
71,Epetōme,epetome.com,UK,Supplements / gut health,Not disclosed,Low,1–10,"VC backing secured, Feb 2026 (amount not disclosed)",Med,Institutional round within window; high-profile founder,Emily English,—,—,—,—,—,Founder is a major UK nutrition creator; The Grocer covered the VC round Feb 2026,The Grocer 18 Feb 2026
72,My Skin Feels,myskinfeels.com,UK,Beauty / skincare,Not disclosed,Low,1–10,"£50k pre-seed, Feb 2026 (Dragons' Den — Deborah Meaden & Gary Neville, 20%)",High,Qualifying round within window,—,—,—,—,—,—,Expanded into all 15 Credo Beauty stores in the US; early Whole Foods distribution; StartUps 100 list for 2026; clinical trials in progress,Startupmag 6 Feb 2026
73,TOSS,—,UK,Food & beverage / dressings,Not disclosed,Low,1–10,"Seed round closed, Jul 2026",Med,Qualifying round this month,—,—,—,—,—,—,Raised to scale UK dressing brand distribution,Technicalbeep 16 Jul 2026
74,Lune & Wild,luneandwild.com,UK,Consumer brand,Not disclosed,Low,1–10,"£2M Seed from Guinness Ventures, Jun 2026",High,Qualifying sub-$10M seed within 18mo,—,—,—,—,—,—,Institutional backing from Guinness Ventures Jun 2026,Startupmag 1 Jun 2026
75,Joyvie Health,—,UK,Wellness,Not disclosed,Low,1–10,"£774k pre-seed from SyndicateRoom, Jun 2026",High,Qualifying round within window,—,—,—,—,—,—,SyndicateRoom-led pre-seed Jun 2026,Startupmag 5 Jun 2026
76,Mushus,—,UK,Food & beverage / beauty drink,Not disclosed,Low,1–10,Not disclosed,Low,New market entrant in a hot category,—,—,—,—,—,—,Launched May 2026 as the UK's first sparkling skincare drink with vegan collagen,Vegconomist 8 May 2026
77,Neutonic,neutonic.com,UK,Food & beverage / nootropic,Not disclosed,Low,~10–30 (est.),"US$6M at a $60M valuation, Apr 2026",High,Qualifying sub-$10M round within 18mo,—,—,—,—,—,—,Raised to accelerate global retail expansion and enter new markets,Tech.eu / Nombase 28 Apr 2026
78,Myota,myota.co.uk,UK,Supplements / gut health,Not disclosed,Low,1–10,Funding round 2026 (amount not confirmed),Low,Prebiotic/GLP-1-adjacent category with strong tailwinds,—,—,—,—,—,—,Fibre and metabolic prebiotic blends positioned around GLP-1 support,Green Queen 24 Jun 2026
79,Uncouth Skincare,uncouthskincare.co.uk,UK,Beauty / skincare,Not disclosed,Low,1–10,Not disclosed,Low,Early-stage independent D2C skincare,—,—,—,—,—,—,Independent UK D2C skincare brand,Company site
80,Oatsu,oatsu.co.uk,UK,Food & beverage,Not disclosed,Low,1–10,Not disclosed,Low,Early-stage D2C food brand,—,—,—,—,—,—,Independent UK D2C food brand,Company site
81,Elan Skincare,elanskincare.co.uk,UK,Beauty / skincare,Not disclosed,Low,1–10,Not disclosed,Low,Early-stage independent D2C skincare,—,—,—,—,—,—,Independent UK D2C skincare brand,Company site
82,Nourished3,—,UK/US,Beauty / skin-gut-brain,Not disclosed,Low,1–10,"~US$1M RegCF raise, 2026",High,Qualifying raise within window,—,—,—,—,—,—,Reg CF crowdfunding round on the skin-gut-brain axis thesis,Angel Investors Network 6 May 2026
83,Huha,huhawear.com,Canada,Apparel / intimates,Not disclosed,Low,~10–30 (est.),"C$20M led by District Ventures Capital, Nov 2025",High,Above the $10M funding cap — included as a category-adjacent reference only; deprioritise,Alexa Suter,—,—,—,—,—,Largest investment in Dragons' Den's 20-year history; Mineral Undies line; Export Development Canada co-invested,Newswire 21 Nov 2025
84,Organic Traditions,organictraditions.com,Canada,Food & beverage / functional,Not disclosed,Low,~20–60 (est.),"US$10.5M Series A, 2026",Med,At the top of the funding cap — borderline; verify before prioritising,—,—,—,—,—,—,Series A to expand US retail and the functional-wellness portfolio,Newswire; company release
85,Healthybud,healthybud.com,Canada,Pet products,Not disclosed,Low,1–10,C$1.5M strategic round,High,Qualifying sub-$10M round,—,—,—,—,—,—,Strategic funding round closed to expand pet nutrition range,International Pet Food
86,Three Ships Beauty,threeshipsbeauty.com,Canada,Beauty / skincare,Not disclosed,Low,~10–30 (est.),Financing led by BDC,Med,Institutional round; natural-beauty category,"Connie Lo, Laura Burget",—,—,—,—,—,BDC-led financing to fund growth; established Canadian clean-beauty brand,BetaKit / company release
87,Mitsoh,—,Canada,Consumer products,Not disclosed,Low,1–10,"Additional growth capital, Jun 2026",Med,Qualifying round within window,—,—,—,—,—,—,National expansion launched during Indigenous History Month Jun 2026,Indigenous Lands & Resources Today
88,Alder Apparel,alderapparel.com,Canada,Apparel / outdoor,Not disclosed,Low,1–10,Backed by Consumer Ventures,Med,Institutional backing; size-inclusive outdoor apparel,—,—,—,—,—,—,Consumer Ventures portfolio company; size-inclusive outdoor category,Consumer Ventures; CB Insights profile
89,Yepoda,yepoda.com,Germany,Beauty / K-beauty,Not disclosed,Low,~20–60 (est.),Venture-backed (rounds predate window),Med,Established EU D2C skincare; verify current stage,—,—,—,—,—,—,Europe-focused K-beauty D2C brand with multi-market presence,Startup Intros profile
90,Guud Woman,guudwoman.com,Netherlands,Supplements / women's health,Not disclosed,Low,1–10,Venture-backed (amount not confirmed),Low,Women's-health supplements with EU D2C model,—,—,—,—,—,—,Cycle-focused supplements brand,Startup Intros profile
91,MiYé,miye.care,France,Beauty / menopause care,Not disclosed,Low,1–10,"Pierre Fabre increased its stake, 2026",High,Strategic corporate investment within window,—,—,—,—,—,—,Pierre Fabre raised its stake to accelerate pharmacy expansion,Laboratoires Pierre Fabre release
92,Coffeeco Upcycle,—,Greece,Sustainable / skincare,Not disclosed,Low,1–10,"€715k, 2026",High,Qualifying sub-$10M round within window,—,—,—,—,—,—,Turning coffee waste into skincare and bioplastics; EU circular-economy tailwind,Silicon Canals
93,baCta,—,Europe,Supplements / astaxanthin,Not disclosed,Low,1–10,"US$8.3M, 2026",High,Qualifying sub-$10M round within window,—,—,—,—,—,—,"Pursuing an astaxanthin ""collagen moment""; note this is partly an ingredients play — confirm D2C mix",Trade press 2026
94,Sensesbit,—,Spain,Food tech,Not disclosed,Low,1–10,"€1M, 2026",High,"Qualifying round; note: platform/AI business, not a physical-product D2C brand — listed for completeness, exclude if strict",—,—,—,—,—,—,Female-led FoodTech; AI sensory-intelligence platform,EU-Startups
95,Nous (Koncentra),—,Italy,Ingredients / functional,Not disclosed,Low,1–10,"€2.315M Seed, Jul 2026, led by dsm-firmenich Ventures",High,"Qualifying round, but B2B ingredients — excluded from D2C targeting; listed as market context",—,—,—,—,—,—,dsm-firmenich Ventures-led seed; commercialising a botanical energy ingredient,Tech.eu 15 Jul 2026
96,Evanium,—,Germany,Ingredients / encapsulation,Not disclosed,Low,1–10,"€2.2M Seed, 2026",High,"Qualifying round, but B2B ingredients — excluded from D2C targeting",—,—,—,—,—,—,Dual encapsulation technology for solubility,Startbase / EU-Startups
97,Primogene,—,Germany,Biomanufacturing,Not disclosed,Low,1–10,"€4.1M, 2026",High,"Qualifying round, but B2B — excluded from D2C targeting",—,—,—,—,—,—,Scaling enzymatic biomanufacturing of bioactive molecules,EU-Startups
98,Eclipse Ingredients,—,Australia,Ingredients / precision fermentation,Not disclosed,Low,1–10,"US$5M Seed, Jul 2025 (500 Global, AgFunder) + A$2.9M FaBA grant",High,"Qualifying round, but B2B ingredients — excluded from D2C targeting",Siobhan Coster,—,—,—,—,—,CSIRO spinout; first commercial lactoferrin formulations targeted at skincare by 2027,Startup Intros; AgFunder
99,Vita Hydrokultur,—,UK,Ingredients / skincare,Not disclosed,Low,1–10,"£1.5M Series A open, Jul 2026",High,"Qualifying round open now, but B2B ingredients — excluded from D2C targeting",—,—,—,—,—,—,Series A opened Jul 2026 to scale plant-grown skincare ingredients,Morning Chronicle 27 Jul 2026
100,Reformed,reformed.com,UK,Food & beverage / instant coffee & matcha,Not disclosed,Low,~10–30 (est.),"US$22M / £17M Series A, Jul 2026 (Iris Ventures, V3 Ventures)",High,Above the $10M funding cap — included as the clearest recent UK consumer comparable; deprioritise for outbound,—,—,—,—,—,—,Iris Ventures-led Series A Jul 2026; nutritious instant coffee and matcha drinks,WWD 9 Jul 2026; Startupmag 14 Jul 2026
